Method,Inside ↑,Outside ↓,Locality ↑
Center-fan,1065.297619047619,696.0714285714286,0.6656149054721329
Planar + RPA,1013.6785714285714,643.2619047619048,0.6710318527432467
Planar + LH-only,55.285714285714285,40.904761904761905,0.5716977473034655
Trimesh fill-all,8.452380952380953,58.25,0.06568582319803008
Adv-front + RPA,920.125,505.4791666666667,0.717384532553227
Poisson recon,0.0,0.0,0.0
